key,name,crystal_system,verification_status,c11_gpa,c12_gpa,c13_gpa,c33_gpa,c44_gpa,c66_gpa,minimum_eigenvalue_gpa,legacy_max_difference_gpa,temperature_k,temperature_description,uncertainty_available,reference_id,reference_path,reference_title,reference_doi,reference_url,source_line,note
aluminium,Aluminium,cubic,verified_reference,106.75,60.41,60.41,106.75,28.34,28.34,28.34,0.0,nan,,False,ledbetter_kim_2001,/references/ledbetter_kim_2001,"H. M. Ledbetter and S. D. Kim, Monocrystal Elastic Constants and Derived Properties of the Cubic and the Hexagonal Elements (2001)",10.1016/B978-012445760-7/50033-2,https://www.nist.gov/publications/monocrystal-elastic-constants-and-deprived-properties-cubic-and-hexagonal-elements,6,Values matched to the cited NIST compilation; the source row is not used numerically.
aluminium_nitride_wurtzite,Aluminium nitride (wurtzite),hexagonal,verified_reference,411.0,149.0,99.0,389.0,125.0,131.0,125.0,,nan,room temperature,False,mcneil_grimsditch_french_1993,/references/mcneil_grimsditch_french_1993,"L. E. McNeil, M. Grimsditch and R. H. French, Vibrational spectroscopy of aluminum nitride",10.1111/j.1151-2916.1993.tb03730.x,https://doi.org/10.1111/j.1151-2916.1993.tb03730.x,-1,Experimentally measured phase-specific elastic constants.
calcium,Calcium,cubic,verified_reference,27.8,18.2,18.2,27.8,16.3,16.3,9.599999999999985,11.8,nan,,False,ledbetter_kim_2001,/references/ledbetter_kim_2001,"H. M. Ledbetter and S. D. Kim, Monocrystal Elastic Constants and Derived Properties of the Cubic and the Hexagonal Elements (2001)",10.1016/B978-012445760-7/50033-2,https://www.nist.gov/publications/monocrystal-elastic-constants-and-deprived-properties-cubic-and-hexagonal-elements,27,Values matched to the cited NIST compilation; the source row is not used numerically.
carbon_diamond,"Carbon, diamond",cubic,verified_reference,1076.0,125.0,125.0,1076.0,575.8,575.8,575.8,45.0,nan,,False,ledbetter_kim_2001,/references/ledbetter_kim_2001,"H. M. Ledbetter and S. D. Kim, Monocrystal Elastic Constants and Derived Properties of the Cubic and the Hexagonal Elements (2001)",10.1016/B978-012445760-7/50033-2,https://www.nist.gov/publications/monocrystal-elastic-constants-and-deprived-properties-cubic-and-hexagonal-elements,1,Values matched to the cited NIST compilation; the source row is not used numerically.
chromium,Chromium,cubic,verified_reference,350.0,67.8,67.8,350.0,100.8,100.8,100.8,10.199999999999989,nan,,False,ledbetter_kim_2001,/references/ledbetter_kim_2001,"H. M. Ledbetter and S. D. Kim, Monocrystal Elastic Constants and Derived Properties of the Cubic and the Hexagonal Elements (2001)",10.1016/B978-012445760-7/50033-2,https://www.nist.gov/publications/monocrystal-elastic-constants-and-deprived-properties-cubic-and-hexagonal-elements,33,Values matched to the cited NIST compilation; the source row is not used numerically.
cobalt_hcp,Cobalt (hcp),hexagonal,verified_reference,295.0,159.0,111.0,335.0,71.0,68.0,68.0,23.100000000000023,nan,,False,ledbetter_kim_2001,/references/ledbetter_kim_2001,"H. M. Ledbetter and S. D. Kim, Monocrystal Elastic Constants and Derived Properties of the Cubic and the Hexagonal Elements (2001)",10.1016/B978-012445760-7/50033-2,https://www.nist.gov/publications/monocrystal-elastic-constants-and-deprived-properties-cubic-and-hexagonal-elements,35,Values matched to the cited NIST compilation; the source row is not used numerically.
copper,Copper,cubic,verified_reference,169.68,122.55,122.55,169.68,74.499,74.499,47.129999999999995,1.3799999999999955,nan,,False,ledbetter_kim_2001,/references/ledbetter_kim_2001,"H. M. Ledbetter and S. D. Kim, Monocrystal Elastic Constants and Derived Properties of the Cubic and the Hexagonal Elements (2001)",10.1016/B978-012445760-7/50033-2,https://www.nist.gov/publications/monocrystal-elastic-constants-and-deprived-properties-cubic-and-hexagonal-elements,38,Values matched to the cited NIST compilation; the source row is not used numerically.
erbium,Erbium,hexagonal,verified_reference,84.1,29.4,22.6,84.7,27.4,27.349999999999998,27.349999999999998,2.240000000000009,nan,,False,ledbetter_kim_2001,/references/ledbetter_kim_2001,"H. M. Ledbetter and S. D. Kim, Monocrystal Elastic Constants and Derived Properties of the Cubic and the Hexagonal Elements (2001)",10.1016/B978-012445760-7/50033-2,https://www.nist.gov/publications/monocrystal-elastic-constants-and-deprived-properties-cubic-and-hexagonal-elements,41,Values matched to the cited NIST compilation; the source row is not used numerically.
gadolinium,Gadolinium,hexagonal,verified_reference,67.8,25.6,20.7,71.2,23.8,21.099999999999998,21.099999999999998,2.91,nan,,False,ledbetter_kim_2001,/references/ledbetter_kim_2001,"H. M. Ledbetter and S. D. Kim, Monocrystal Elastic Constants and Derived Properties of the Cubic and the Hexagonal Elements (2001)",10.1016/B978-012445760-7/50033-2,https://www.nist.gov/publications/monocrystal-elastic-constants-and-deprived-properties-cubic-and-hexagonal-elements,44,Values matched to the cited NIST compilation; the source row is not used numerically.
gallium_nitride_wurtzite,Gallium nitride (wurtzite),hexagonal,verified_reference,390.0,145.0,106.0,398.0,105.0,122.5,105.0,,nan,300 K,True,polian_grimsditch_grzegory_1996,/references/polian_grimsditch_grzegory_1996,"A. Polian, M. Grimsditch and I. Grzegory, Elastic constants of gallium nitride",10.1063/1.361236,https://srdata.nist.gov/CeramicDataPortal/Scd/Z00476,-1,Experimentally measured phase-specific elastic constants.
germanium,Germanium,cubic,verified_reference,128.53,48.26,48.26,128.53,66.8,66.8,66.8,0.18000000000000682,nan,,False,ledbetter_kim_2001,/references/ledbetter_kim_2001,"H. M. Ledbetter and S. D. Kim, Monocrystal Elastic Constants and Derived Properties of the Cubic and the Hexagonal Elements (2001)",10.1016/B978-012445760-7/50033-2,https://www.nist.gov/publications/monocrystal-elastic-constants-and-deprived-properties-cubic-and-hexagonal-elements,49,Values matched to the cited NIST compilation; the source row is not used numerically.
gold,Gold,cubic,verified_reference,192.9,163.8,163.8,192.9,41.5,41.5,29.099999999999966,0.8200000000000216,nan,,False,ledbetter_kim_2001,/references/ledbetter_kim_2001,"H. M. Ledbetter and S. D. Kim, Monocrystal Elastic Constants and Derived Properties of the Cubic and the Hexagonal Elements (2001)",10.1016/B978-012445760-7/50033-2,https://www.nist.gov/publications/monocrystal-elastic-constants-and-deprived-properties-cubic-and-hexagonal-elements,50,Values matched to the cited NIST compilation; the source row is not used numerically.
hafnium,Hafnium,hexagonal,verified_reference,181.0,77.0,66.0,197.0,55.7,52.0,52.0,7.099999999999994,nan,,False,ledbetter_kim_2001,/references/ledbetter_kim_2001,"H. M. Ledbetter and S. D. Kim, Monocrystal Elastic Constants and Derived Properties of the Cubic and the Hexagonal Elements (2001)",10.1016/B978-012445760-7/50033-2,https://www.nist.gov/publications/monocrystal-elastic-constants-and-deprived-properties-cubic-and-hexagonal-elements,51,Values matched to the cited NIST compilation; the source row is not used numerically.
iridium,Iridium,cubic,verified_reference,599.47,355.82,355.82,599.47,268.82,268.82,243.64999999999992,113.82,nan,,False,ledbetter_kim_2001,/references/ledbetter_kim_2001,"H. M. Ledbetter and S. D. Kim, Monocrystal Elastic Constants and Derived Properties of the Cubic and the Hexagonal Elements (2001)",10.1016/B978-012445760-7/50033-2,https://www.nist.gov/publications/monocrystal-elastic-constants-and-deprived-properties-cubic-and-hexagonal-elements,58,Values matched to the cited NIST compilation; the source row is not used numerically.
iron_bcc,Iron bcc,cubic,verified_reference,231.4,134.7,134.7,231.4,116.4,116.4,96.69999999999995,5.400000000000006,nan,,False,ledbetter_kim_2001,/references/ledbetter_kim_2001,"H. M. Ledbetter and S. D. Kim, Monocrystal Elastic Constants and Derived Properties of the Cubic and the Hexagonal Elements (2001)",10.1016/B978-012445760-7/50033-2,https://www.nist.gov/publications/monocrystal-elastic-constants-and-deprived-properties-cubic-and-hexagonal-elements,60,Values matched to the cited NIST compilation; the source row is not used numerically.
iron_fcc,Iron fcc,cubic,verified_reference,276.0,173.5,173.5,276.0,136.0,136.0,102.5,70.0,nan,,False,ledbetter_kim_2001,/references/ledbetter_kim_2001,"H. M. Ledbetter and S. D. Kim, Monocrystal Elastic Constants and Derived Properties of the Cubic and the Hexagonal Elements (2001)",10.1016/B978-012445760-7/50033-2,https://www.nist.gov/publications/monocrystal-elastic-constants-and-deprived-properties-cubic-and-hexagonal-elements,61,Values matched to the cited NIST compilation; the source row is not used numerically.
lead,Lead,cubic,verified_reference,49.66,42.31,42.31,49.66,14.98,14.98,7.349999999999988,0.0,nan,,False,ledbetter_kim_2001,/references/ledbetter_kim_2001,"H. M. Ledbetter and S. D. Kim, Monocrystal Elastic Constants and Derived Properties of the Cubic and the Hexagonal Elements (2001)",10.1016/B978-012445760-7/50033-2,https://www.nist.gov/publications/monocrystal-elastic-constants-and-deprived-properties-cubic-and-hexagonal-elements,62,Values matched to the cited NIST compilation; the source row is not used numerically.
lithium,Lithium,cubic,verified_reference,13.5,11.44,11.44,13.5,8.78,8.78,2.0600000000000005,0.0,nan,,False,ledbetter_kim_2001,/references/ledbetter_kim_2001,"H. M. Ledbetter and S. D. Kim, Monocrystal Elastic Constants and Derived Properties of the Cubic and the Hexagonal Elements (2001)",10.1016/B978-012445760-7/50033-2,https://www.nist.gov/publications/monocrystal-elastic-constants-and-deprived-properties-cubic-and-hexagonal-elements,64,Values matched to the cited NIST compilation; the source row is not used numerically.
lutetium,Lutetium,hexagonal,verified_reference,56.2,32.0,25.0,80.9,26.8,12.100000000000001,12.100000000000001,,nan,,False,ledbetter_kim_2001,/references/ledbetter_kim_2001,"H. M. Ledbetter and S. D. Kim, Monocrystal Elastic Constants and Derived Properties of the Cubic and the Hexagonal Elements (2001)",10.1016/B978-012445760-7/50033-2,https://www.nist.gov/publications/monocrystal-elastic-constants-and-deprived-properties-cubic-and-hexagonal-elements,-1,Added from the cited NIST compilation; absent from the legacy table.
magnesium,Magnesium,hexagonal,verified_reference,59.3,25.7,21.4,61.5,16.4,16.799999999999997,16.4,0.4200000000000017,nan,,False,ledbetter_kim_2001,/references/ledbetter_kim_2001,"H. M. Ledbetter and S. D. Kim, Monocrystal Elastic Constants and Derived Properties of the Cubic and the Hexagonal Elements (2001)",10.1016/B978-012445760-7/50033-2,https://www.nist.gov/publications/monocrystal-elastic-constants-and-deprived-properties-cubic-and-hexagonal-elements,69,Values matched to the cited NIST compilation; the source row is not used numerically.
molybdenum,Molybdenum,cubic,verified_reference,463.7,157.8,157.8,463.7,109.2,109.2,109.2,0.0,nan,,False,ledbetter_kim_2001,/references/ledbetter_kim_2001,"H. M. Ledbetter and S. D. Kim, Monocrystal Elastic Constants and Derived Properties of the Cubic and the Hexagonal Elements (2001)",10.1016/B978-012445760-7/50033-2,https://www.nist.gov/publications/monocrystal-elastic-constants-and-deprived-properties-cubic-and-hexagonal-elements,75,Values matched to the cited NIST compilation; the source row is not used numerically.
neodymium,Neodymium,hexagonal,verified_reference,53.8,24.6,16.6,59.9,15.0,14.599999999999998,14.599999999999998,,nan,,False,ledbetter_kim_2001,/references/ledbetter_kim_2001,"H. M. Ledbetter and S. D. Kim, Monocrystal Elastic Constants and Derived Properties of the Cubic and the Hexagonal Elements (2001)",10.1016/B978-012445760-7/50033-2,https://www.nist.gov/publications/monocrystal-elastic-constants-and-deprived-properties-cubic-and-hexagonal-elements,-1,Added from the cited NIST compilation; absent from the legacy table.
nickel,Nickel,cubic,verified_reference,248.1,154.9,154.9,248.1,124.2,124.2,93.19999999999997,0.0,nan,,False,ledbetter_kim_2001,/references/ledbetter_kim_2001,"H. M. Ledbetter and S. D. Kim, Monocrystal Elastic Constants and Derived Properties of the Cubic and the Hexagonal Elements (2001)",10.1016/B978-012445760-7/50033-2,https://www.nist.gov/publications/monocrystal-elastic-constants-and-deprived-properties-cubic-and-hexagonal-elements,77,Values matched to the cited NIST compilation; the source row is not used numerically.
niobium,Niobium,cubic,verified_reference,240.19,125.58,125.58,240.19,28.22,28.22,28.22,8.920000000000002,nan,,False,ledbetter_kim_2001,/references/ledbetter_kim_2001,"H. M. Ledbetter and S. D. Kim, Monocrystal Elastic Constants and Derived Properties of the Cubic and the Hexagonal Elements (2001)",10.1016/B978-012445760-7/50033-2,https://www.nist.gov/publications/monocrystal-elastic-constants-and-deprived-properties-cubic-and-hexagonal-elements,78,Values matched to the cited NIST compilation; the source row is not used numerically.
platinum,Platinum,cubic,verified_reference,227.1,176.04,176.04,227.1,149.8,149.8,51.059999999999945,119.6,nan,,False,ledbetter_kim_2001,/references/ledbetter_kim_2001,"H. M. Ledbetter and S. D. Kim, Monocrystal Elastic Constants and Derived Properties of the Cubic and the Hexagonal Elements (2001)",10.1016/B978-012445760-7/50033-2,https://www.nist.gov/publications/monocrystal-elastic-constants-and-deprived-properties-cubic-and-hexagonal-elements,81,Values matched to the cited NIST compilation; the source row is not used numerically.
potassium,Potassium,cubic,verified_reference,3.7,3.14,3.14,3.7,1.88,1.88,0.56,0.009999999999999787,nan,,False,ledbetter_kim_2001,/references/ledbetter_kim_2001,"H. M. Ledbetter and S. D. Kim, Monocrystal Elastic Constants and Derived Properties of the Cubic and the Hexagonal Elements (2001)",10.1016/B978-012445760-7/50033-2,https://www.nist.gov/publications/monocrystal-elastic-constants-and-deprived-properties-cubic-and-hexagonal-elements,82,Values matched to the cited NIST compilation; the source row is not used numerically.
praseodymium,Praseodymium,hexagonal,verified_reference,49.4,23.0,14.3,57.4,13.6,13.2,13.2,,nan,,False,ledbetter_kim_2001,/references/ledbetter_kim_2001,"H. M. Ledbetter and S. D. Kim, Monocrystal Elastic Constants and Derived Properties of the Cubic and the Hexagonal Elements (2001)",10.1016/B978-012445760-7/50033-2,https://www.nist.gov/publications/monocrystal-elastic-constants-and-deprived-properties-cubic-and-hexagonal-elements,-1,Added from the cited NIST compilation; absent from the legacy table.
rhenium,Rhenium,hexagonal,verified_reference,616.0,273.0,206.0,683.0,161.0,171.5,161.0,2.3000000000000114,nan,,False,ledbetter_kim_2001,/references/ledbetter_kim_2001,"H. M. Ledbetter and S. D. Kim, Monocrystal Elastic Constants and Derived Properties of the Cubic and the Hexagonal Elements (2001)",10.1016/B978-012445760-7/50033-2,https://www.nist.gov/publications/monocrystal-elastic-constants-and-deprived-properties-cubic-and-hexagonal-elements,87,Values matched to the cited NIST compilation; the source row is not used numerically.
rhodium,Rhodium,cubic,verified_reference,413.0,184.0,184.0,413.0,79.62,79.62,79.62,,nan,,False,ledbetter_kim_2001,/references/ledbetter_kim_2001,"H. M. Ledbetter and S. D. Kim, Monocrystal Elastic Constants and Derived Properties of the Cubic and the Hexagonal Elements (2001)",10.1016/B978-012445760-7/50033-2,https://www.nist.gov/publications/monocrystal-elastic-constants-and-deprived-properties-cubic-and-hexagonal-elements,-1,Added from the cited NIST compilation; absent from the legacy table.
rubidium,Rubidium,cubic,verified_reference,2.45,1.64,1.64,2.45,1.0,1.0,0.8099999999999986,0.8999999999999999,nan,,False,ledbetter_kim_2001,/references/ledbetter_kim_2001,"H. M. Ledbetter and S. D. Kim, Monocrystal Elastic Constants and Derived Properties of the Cubic and the Hexagonal Elements (2001)",10.1016/B978-012445760-7/50033-2,https://www.nist.gov/publications/monocrystal-elastic-constants-and-deprived-properties-cubic-and-hexagonal-elements,88,Values matched to the cited NIST compilation; the source row is not used numerically.
ruthenium,Ruthenium,hexagonal,verified_reference,563.0,188.0,168.0,624.0,181.0,187.5,181.0,0.4000000000000057,nan,,False,ledbetter_kim_2001,/references/ledbetter_kim_2001,"H. M. Ledbetter and S. D. Kim, Monocrystal Elastic Constants and Derived Properties of the Cubic and the Hexagonal Elements (2001)",10.1016/B978-012445760-7/50033-2,https://www.nist.gov/publications/monocrystal-elastic-constants-and-deprived-properties-cubic-and-hexagonal-elements,89,Values matched to the cited NIST compilation; the source row is not used numerically.
scandium,Scandium,hexagonal,verified_reference,99.3,39.7,29.4,107.0,27.7,29.799999999999997,27.7,,nan,,False,ledbetter_kim_2001,/references/ledbetter_kim_2001,"H. M. Ledbetter and S. D. Kim, Monocrystal Elastic Constants and Derived Properties of the Cubic and the Hexagonal Elements (2001)",10.1016/B978-012445760-7/50033-2,https://www.nist.gov/publications/monocrystal-elastic-constants-and-deprived-properties-cubic-and-hexagonal-elements,-1,Added from the cited NIST compilation; absent from the legacy table.
silicon,Silicon,cubic,verified_reference,165.78,63.94,63.94,165.78,79.62,79.62,79.62,0.0,nan,,False,ledbetter_kim_2001,/references/ledbetter_kim_2001,"H. M. Ledbetter and S. D. Kim, Monocrystal Elastic Constants and Derived Properties of the Cubic and the Hexagonal Elements (2001)",10.1016/B978-012445760-7/50033-2,https://www.nist.gov/publications/monocrystal-elastic-constants-and-deprived-properties-cubic-and-hexagonal-elements,92,Values matched to the cited NIST compilation; the source row is not used numerically.
silicon_carbide_3c,Silicon carbide (3C),cubic,verified_reference,395.0,132.0,132.0,395.0,236.0,236.0,236.0,,nan,room temperature,True,djemia_roussigne_dirras_jackson_2004,/references/djemia_roussigne_dirras_jackson_2004,"P. Djemia et al., Elastic properties of beta-SiC films by Brillouin light scattering",10.1063/1.1642281,https://doi.org/10.1063/1.1642281,-1,Experimentally measured phase-specific elastic constants.
silicon_carbide_4h,Silicon carbide (4H),hexagonal,verified_reference,501.0,111.0,52.0,553.0,163.0,195.0,163.0,,nan,room temperature,True,kamitani_et_al_1997,/references/kamitani_et_al_1997,"K. Kamitani et al., The elastic constants of silicon carbide: 4H and 6H single crystals",10.1063/1.366100,https://doi.org/10.1063/1.366100,-1,Experimentally measured phase-specific elastic constants.
silicon_carbide_6h,Silicon carbide (6H),hexagonal,verified_reference,501.0,111.0,52.0,553.0,163.0,195.0,163.0,,nan,room temperature,True,kamitani_et_al_1997,/references/kamitani_et_al_1997,"K. Kamitani et al., The elastic constants of silicon carbide: 4H and 6H single crystals",10.1063/1.366100,https://doi.org/10.1063/1.366100,-1,Experimentally measured phase-specific elastic constants.
silver,Silver,cubic,verified_reference,122.2,90.7,90.7,122.2,45.4,45.4,31.499999999999897,2.969999999999999,nan,,False,ledbetter_kim_2001,/references/ledbetter_kim_2001,"H. M. Ledbetter and S. D. Kim, Monocrystal Elastic Constants and Derived Properties of the Cubic and the Hexagonal Elements (2001)",10.1016/B978-012445760-7/50033-2,https://www.nist.gov/publications/monocrystal-elastic-constants-and-deprived-properties-cubic-and-hexagonal-elements,93,Values matched to the cited NIST compilation; the source row is not used numerically.
sodium,Sodium,cubic,verified_reference,7.39,6.22,6.22,7.39,4.19,4.19,1.169999999999999,0.0,nan,,False,ledbetter_kim_2001,/references/ledbetter_kim_2001,"H. M. Ledbetter and S. D. Kim, Monocrystal Elastic Constants and Derived Properties of the Cubic and the Hexagonal Elements (2001)",10.1016/B978-012445760-7/50033-2,https://www.nist.gov/publications/monocrystal-elastic-constants-and-deprived-properties-cubic-and-hexagonal-elements,95,Values matched to the cited NIST compilation; the source row is not used numerically.
strontium,Strontium,cubic,verified_reference,14.7,9.9,9.9,14.7,5.74,5.74,4.799999999999998,0.0,nan,,False,ledbetter_kim_2001,/references/ledbetter_kim_2001,"H. M. Ledbetter and S. D. Kim, Monocrystal Elastic Constants and Derived Properties of the Cubic and the Hexagonal Elements (2001)",10.1016/B978-012445760-7/50033-2,https://www.nist.gov/publications/monocrystal-elastic-constants-and-deprived-properties-cubic-and-hexagonal-elements,99,Values matched to the cited NIST compilation; the source row is not used numerically.
terbium,Terbium,hexagonal,verified_reference,69.2,25.0,21.8,74.4,21.7,22.1,21.7,,nan,,False,ledbetter_kim_2001,/references/ledbetter_kim_2001,"H. M. Ledbetter and S. D. Kim, Monocrystal Elastic Constants and Derived Properties of the Cubic and the Hexagonal Elements (2001)",10.1016/B978-012445760-7/50033-2,https://www.nist.gov/publications/monocrystal-elastic-constants-and-deprived-properties-cubic-and-hexagonal-elements,-1,Added from the cited NIST compilation; absent from the legacy table.
thorium,Thorium,cubic,verified_reference,75.3,48.9,48.9,75.3,47.89,47.89,26.39999999999999,0.09000000000000341,nan,,False,ledbetter_kim_2001,/references/ledbetter_kim_2001,"H. M. Ledbetter and S. D. Kim, Monocrystal Elastic Constants and Derived Properties of the Cubic and the Hexagonal Elements (2001)",10.1016/B978-012445760-7/50033-2,https://www.nist.gov/publications/monocrystal-elastic-constants-and-deprived-properties-cubic-and-hexagonal-elements,108,Values matched to the cited NIST compilation; the source row is not used numerically.
titanium,Titanium,hexagonal,verified_reference,160.0,90.0,66.0,181.0,46.5,35.0,35.0,34.0,nan,,False,ledbetter_kim_2001,/references/ledbetter_kim_2001,"H. M. Ledbetter and S. D. Kim, Monocrystal Elastic Constants and Derived Properties of the Cubic and the Hexagonal Elements (2001)",10.1016/B978-012445760-7/50033-2,https://www.nist.gov/publications/monocrystal-elastic-constants-and-deprived-properties-cubic-and-hexagonal-elements,113,Values matched to the cited NIST compilation; the source row is not used numerically.
tungsten,Tungsten,cubic,verified_reference,522.39,204.37,204.37,522.39,160.83,160.83,160.83,0.0,nan,,False,ledbetter_kim_2001,/references/ledbetter_kim_2001,"H. M. Ledbetter and S. D. Kim, Monocrystal Elastic Constants and Derived Properties of the Cubic and the Hexagonal Elements (2001)",10.1016/B978-012445760-7/50033-2,https://www.nist.gov/publications/monocrystal-elastic-constants-and-deprived-properties-cubic-and-hexagonal-elements,118,Values matched to the cited NIST compilation; the source row is not used numerically.
vanadium,Vanadium,cubic,verified_reference,228.7,119.0,119.0,228.7,43.15,43.15,43.15,0.05000000000000426,nan,,False,ledbetter_kim_2001,/references/ledbetter_kim_2001,"H. M. Ledbetter and S. D. Kim, Monocrystal Elastic Constants and Derived Properties of the Cubic and the Hexagonal Elements (2001)",10.1016/B978-012445760-7/50033-2,https://www.nist.gov/publications/monocrystal-elastic-constants-and-deprived-properties-cubic-and-hexagonal-elements,122,Values matched to the cited NIST compilation; the source row is not used numerically.
